Process Name,CPU Usage,Memory Usage (MB),Hostname,Time Epoch
ir_agent.exe,0.0,75.40625,CAL7001703,1585637713.8402143
ir_agent.exe,0.0,75.51953125,CAL7001703,1585637743.9585402
ir_agent.exe,0.0,75.6015625,CAL7001703,1585637774.0703382
ir_agent.exe,0.0,75.6015625,CAL7001703,1585637804.1862233
ir_agent.exe,0.0,75.515625,CAL7001703,1585637834.2921765
ir_agent.exe,0.0,74.98046875,CAL7001703,1585637864.403555
ir_agent.exe,0.0,75.02734375,CAL7001703,1585637894.5111504
ir_agent.exe,0.0,75.03515625,CAL7001703,1585637924.6198173
ir_agent.exe,0.0,75.140625,CAL7001703,1585637954.726699
ir_agent.exe,0.0,75.140625,CAL7001703,1585637984.8296113
ir_agent.exe,0.0,75.203125,CAL7001703,1585638014.9388633
ir_agent.exe,0.0,75.1875,CAL7001703,1585638045.1469522
