
{"amt-web": 1573770850.1382842, "provider-tool": 1199149261, "pad-web": 1199149261, "cx-web": 1199149261, "pf-addresscleanse-service": 1199149261, "cx-enrollee-portal-web": 1575314981.3548903, "test-v1-cx-enrollee-portal-web": 1575315966.7134533}
